avg_acc_fold,std_acc_fold,avg_loss_fold,num_units_in_layer1,l2_regulizer,dropout_rate,optimizer,num_layers,num_conv,filter_in_conv1
0.9449605941772461,0.0049920211767376125,0.18048792481422424,64.0,1.0,0.1,adam,0,0,16.0
0.922572112083435,0.008417057710256904,0.3436854600906372,64.0,1.0,0.1,sgd,0,0,16.0
0.9498578786849976,0.0046292829830387365,0.17560992240905762,64.0,1.0,0.2,adam,0,0,16.0
0.9274691104888916,0.009449539025272848,0.34450176954269407,64.0,1.0,0.2,sgd,0,0,16.0
0.9472910523414612,0.007948159043728111,0.17923582196235657,64.0,1.0,0.30000000000000004,adam,0,0,16.0
0.9251375675201416,0.01093737526506574,0.3382171273231506,64.0,1.0,0.30000000000000004,sgd,0,0,16.0
0.9454268097877503,0.004714816583062447,0.1816967248916626,64.0,1.0,0.4,adam,0,0,16.0
0.9272381901741028,0.011903435418634586,0.33664782643318175,64.0,1.0,0.4,sgd,0,0,16.0
0.9463589310646057,0.005973174750086097,0.17903589308261872,64.0,1.0,0.5,adam,0,0,16.0
0.9253701210021973,0.00989035009615609,0.3371746361255646,64.0,1.0,0.5,sgd,0,0,16.0
0.9491593956947326,0.005254031348700044,0.1775322824716568,64.0,1.0,0.6,adam,0,0,16.0
0.9242048978805542,0.007858297529918337,0.34481972455978394,64.0,1.0,0.6,sgd,0,0,16.0
0.9477605223655701,0.002712393528868101,0.18354427218437194,64.0,0.1,0.1,adam,0,0,16.0
0.9244385242462159,0.009996534906660703,0.34676342010498046,64.0,0.1,0.1,sgd,0,0,16.0
0.9482261776924134,0.004416388834475876,0.18214938342571257,64.0,0.1,0.2,adam,0,0,16.0
0.9223362922668457,0.013171313025692287,0.34693029522895813,64.0,0.1,0.2,sgd,0,0,16.0
0.946594750881195,0.004572461748126966,0.18078379034996034,64.0,0.1,0.30000000000000004,adam,0,0,16.0
0.9235039591789246,0.009345480241214357,0.351517391204834,64.0,0.1,0.30000000000000004,sgd,0,0,16.0
0.9451926112174988,0.007436658056434945,0.18428305983543397,64.0,0.1,0.4,adam,0,0,16.0
0.9239704251289368,0.01109584532237033,0.341402006149292,64.0,0.1,0.4,sgd,0,0,16.0
0.9468283891677857,0.005243755017693861,0.18429177701473237,64.0,0.1,0.5,adam,0,0,16.0
0.9263065934181214,0.01138090966142902,0.34237375259399416,64.0,0.1,0.5,sgd,0,0,16.0
0.9475268840789794,0.003848535132484713,0.18260432183742523,64.0,0.1,0.6,adam,0,0,16.0
0.926538062095642,0.005383772389128308,0.3434837222099304,64.0,0.1,0.6,sgd,0,0,16.0
0.9493916869163513,0.004037813143209551,0.17617646753787994,64.0,0.01,0.1,adam,0,0,16.0
0.9272381782531738,0.006245819862770558,0.33758949637413027,64.0,0.01,0.1,sgd,0,0,16.0
0.9456615209579468,0.0027362975039733665,0.18545062243938445,64.0,0.01,0.2,adam,0,0,16.0
0.9239742398262024,0.012928277292245728,0.3470627784729004,64.0,0.01,0.2,sgd,0,0,16.0
0.9482261776924134,0.003449266604224792,0.17851104140281676,64.0,0.01,0.30000000000000004,adam,0,0,16.0
0.9237384080886841,0.007344304256401872,0.34371994733810424,64.0,0.01,0.30000000000000004,sgd,0,0,16.0
0.9435633659362793,0.0030045355869979503,0.18694043457508086,64.0,0.01,0.4,adam,0,0,16.0
0.9230396747589111,0.011017631820458177,0.34963464736938477,64.0,0.01,0.4,sgd,0,0,16.0
0.9472937703132629,0.004272750782594599,0.18367652595043182,64.0,0.01,0.5,adam,0,0,16.0
0.9228071093559265,0.0027207160962837316,0.35169745683670045,64.0,0.01,0.5,sgd,0,0,16.0
0.944961953163147,0.0017364979457248969,0.1839198350906372,64.0,0.01,0.6,adam,0,0,16.0
0.9246691823005676,0.011561676195151659,0.34698923826217654,64.0,0.01,0.6,sgd,0,0,16.0
0.9456612586975097,0.003023329297066356,0.18007563352584838,64.0,0.001,0.1,adam,0,0,16.0
0.9197762608528137,0.010143373992129254,0.3552566409111023,64.0,0.001,0.1,sgd,0,0,16.0
0.9456612586975097,0.002188851814267599,0.17935365736484526,64.0,0.001,0.2,adam,0,0,16.0
0.9202397465705872,0.01126446373838579,0.34790538549423217,64.0,0.001,0.2,sgd,0,0,16.0
0.9444960355758667,0.00440116005132589,0.18632223606109619,64.0,0.001,0.30000000000000004,adam,0,0,16.0
0.9277038335800171,0.008887808178016286,0.3504297733306885,64.0,0.001,0.30000000000000004,sgd,0,0,16.0
0.9482250809669495,0.0065170279974860945,0.1783661425113678,64.0,0.001,0.4,adam,0,0,16.0
0.9249069094657898,0.008646129947858591,0.3394166648387909,64.0,0.001,0.4,sgd,0,0,16.0
0.9475271344184876,0.006681883420684271,0.18186986148357392,64.0,0.001,0.5,adam,0,0,16.0
0.9218719720840454,0.011630816389089341,0.3404164433479309,64.0,0.001,0.5,sgd,0,0,16.0
0.9479925513267518,0.003533996192102241,0.1793139785528183,64.0,0.001,0.6,adam,0,0,16.0
0.9228065729141235,0.011076211159157969,0.3357068598270416,64.0,0.001,0.6,sgd,0,0,16.0
0.9484587430953979,0.004824093754247645,0.17623125314712523,64.0,0.0001,0.1,adam,0,0,16.0
0.9235028624534607,0.011661726134577468,0.3467938244342804,64.0,0.0001,0.1,sgd,0,0,16.0
0.9463613748550415,0.006216028173032487,0.18388597369194032,64.0,0.0001,0.2,adam,0,0,16.0
0.9225720882415771,0.009734649131582873,0.36068567633628845,64.0,0.0001,0.2,sgd,0,0,16.0
0.9465925693511963,0.005104657341920891,0.177021786570549,64.0,0.0001,0.30000000000000004,adam,0,0,16.0
0.9270039916038513,0.008969819164603684,0.35015366077423093,64.0,0.0001,0.30000000000000004,sgd,0,0,16.0
0.9465914845466614,0.006684270125963675,0.17976629137992858,64.0,0.0001,0.4,adam,0,0,16.0
0.9260729551315308,0.00937059045667187,0.34865636825561525,64.0,0.0001,0.4,sgd,0,0,16.0
0.9449622392654419,0.002993661785756874,0.18537668287754058,64.0,0.0001,0.5,adam,0,0,16.0
0.9279380321502686,0.008614499148316683,0.35731855034828186,64.0,0.0001,0.5,sgd,0,0,16.0
0.9498586893081665,0.0034794996171265326,0.17534364461898805,64.0,0.0001,0.6,adam,0,0,16.0
0.927236545085907,0.011039959862227514,0.3398138523101807,64.0,0.0001,0.6,sgd,0,0,16.0
0.9458924531936646,0.007195359260193572,0.1779872328042984,64.0,1e-05,0.1,adam,0,0,16.0
0.9239728569984436,0.010468377126148601,0.34279329776763917,64.0,1e-05,0.1,sgd,0,0,16.0
0.9449603319168091,0.007148628976552187,0.1835954487323761,64.0,1e-05,0.2,adam,0,0,16.0
0.9263046979904175,0.00902267943263445,0.3487233281135559,64.0,1e-05,0.2,sgd,0,0,16.0
0.946595561504364,0.0067283925070099945,0.18440387547016143,64.0,1e-05,0.30000000000000004,adam,0,0,16.0
0.9258376717567444,0.007805748416994991,0.3398538827896118,64.0,1e-05,0.30000000000000004,sgd,0,0,16.0
0.9486926317214965,0.00450060588296509,0.1764465391635895,64.0,1e-05,0.4,adam,0,0,16.0
0.9244396209716796,0.008802145155492758,0.34689376354217527,64.0,1e-05,0.4,sgd,0,0,16.0
0.9456599116325378,0.006515474904953174,0.18257395923137665,64.0,1e-05,0.5,adam,0,0,16.0
0.9263074040412903,0.00991803929993419,0.33546397686004636,64.0,1e-05,0.5,sgd,0,0,16.0
0.947292149066925,0.005364569649010679,0.17897091209888458,64.0,1e-05,0.6,adam,0,0,16.0
0.9256045699119568,0.006294784877838334,0.3415065765380859,64.0,1e-05,0.6,sgd,0,0,16.0
0.9479941606521607,0.006742395009104781,0.18273295760154723,64.0,1e-06,0.1,adam,0,0,16.0
0.9277040958404541,0.009591220495235715,0.33423612713813783,64.0,1e-06,0.1,sgd,0,0,16.0
0.9486937284469604,0.002450778984626806,0.17606932818889617,64.0,1e-06,0.2,adam,0,0,16.0
0.9260715961456298,0.007332593230089298,0.33686413764953616,64.0,1e-06,0.2,sgd,0,0,16.0
0.9449627757072449,0.0030732367624788457,0.18080623149871827,64.0,1e-06,0.30000000000000004,adam,0,0,16.0
0.9230385661125183,0.00782708818027045,0.3448379933834076,64.0,1e-06,0.30000000000000004,sgd,0,0,16.0
0.948457658290863,0.006387463132581478,0.17662069499492644,64.0,1e-06,0.4,adam,0,0,16.0
0.9214060664176941,0.010615133312403689,0.351143878698349,64.0,1e-06,0.4,sgd,0,0,16.0
0.9451931476593017,0.005879083965061639,0.18524149656295777,64.0,1e-06,0.5,adam,0,0,16.0
0.9277038335800171,0.008253853057225069,0.337838226556778,64.0,1e-06,0.5,sgd,0,0,16.0
0.9482261776924134,0.0036026569388895257,0.1781593382358551,64.0,1e-06,0.6,adam,0,0,16.0
0.9239698767662048,0.011809418946177468,0.3439867377281189,64.0,1e-06,0.6,sgd,0,0,16.0
0.9468259572982788,0.005219397431664034,0.1814039647579193,128.0,1.0,0.1,adam,0,0,16.0
0.9272390007972717,0.008518677655365993,0.33529538512229917,128.0,1.0,0.1,sgd,0,0,16.0
0.9463613748550415,0.005619189704058703,0.18383999466896056,128.0,1.0,0.2,adam,0,0,16.0
0.9246719002723693,0.011085361128378825,0.3453912377357483,128.0,1.0,0.2,sgd,0,0,16.0
0.94542897939682,0.005388850979907671,0.18488772213459015,128.0,1.0,0.30000000000000004,adam,0,0,16.0
0.9263052463531494,0.008327503371748226,0.3544375836849213,128.0,1.0,0.30000000000000004,sgd,0,0,16.0
0.9472932338714599,0.004873719331153181,0.1801585853099823,128.0,1.0,0.4,adam,0,0,16.0
0.9235055923461915,0.010937355256715384,0.3403646230697632,128.0,1.0,0.4,sgd,0,0,16.0
0.9475257992744446,0.005390629124984488,0.17541492879390716,128.0,1.0,0.5,adam,0,0,16.0
0.9246727108955384,0.011321640115879834,0.34651504158973695,128.0,1.0,0.5,sgd,0,0,16.0
0.9449619650840759,0.003341525199251151,0.18284355401992797,128.0,1.0,0.6,adam,0,0,16.0
0.9216386198997497,0.01104203878941203,0.3394140601158142,128.0,1.0,0.6,sgd,0,0,16.0
0.9491588473320007,0.003824675396030107,0.17840064764022828,128.0,0.1,0.1,adam,0,0,16.0
0.9265361666679383,0.010184567450325668,0.3493668496608734,128.0,0.1,0.1,sgd,0,0,16.0
0.9470606803894043,0.0034428509081911446,0.17837179005146026,128.0,0.1,0.2,adam,0,0,16.0
0.9235069513320923,0.01072638831446486,0.3452029645442963,128.0,0.1,0.2,sgd,0,0,16.0
0.9475268721580505,0.0033149008804090664,0.17775920927524566,128.0,0.1,0.30000000000000004,adam,0,0,16.0
0.9258357644081116,0.010777388753631824,0.3418341040611267,128.0,0.1,0.30000000000000004,sgd,0,0,16.0
0.946127998828888,0.003654155708026099,0.18433652222156524,128.0,0.1,0.4,adam,0,0,16.0
0.9270042657852173,0.008140833344210735,0.34343758821487425,128.0,0.1,0.4,sgd,0,0,16.0
0.9479909062385559,0.00907455117810435,0.18200939297676086,128.0,0.1,0.5,adam,0,0,16.0
0.9244390845298767,0.014040413892658555,0.3426005482673645,128.0,0.1,0.5,sgd,0,0,16.0
0.9479922652244568,0.004107363033039668,0.17947716116905213,128.0,0.1,0.6,adam,0,0,16.0
0.9181369423866272,0.016350038621887834,0.36028885245323183,128.0,0.1,0.6,sgd,0,0,16.0
0.9442623734474183,0.0013871853210480974,0.18461304306983947,128.0,0.01,0.1,adam,0,0,16.0
0.9256048321723938,0.014572718282867167,0.3548798024654388,128.0,0.01,0.1,sgd,0,0,16.0
0.9489249467849732,0.00607541329209873,0.17881373763084413,128.0,0.01,0.2,adam,0,0,16.0
0.9237392544746399,0.00900399023478944,0.34245020151138306,128.0,0.01,0.2,sgd,0,0,16.0
0.9475271582603455,0.00246306670989047,0.18199060261249542,128.0,0.01,0.30000000000000004,adam,0,0,16.0
0.9305029392242432,0.010878626081128356,0.33822962641716003,128.0,0.01,0.30000000000000004,sgd,0,0,16.0
0.948458468914032,0.006421653103280307,0.1766568034887314,128.0,0.01,0.4,adam,0,0,16.0
0.9272341132164001,0.011057627023400093,0.33948777318000795,128.0,0.01,0.4,sgd,0,0,16.0
0.9456612706184387,0.0035210952854445505,0.18338956832885742,128.0,0.01,0.5,adam,0,0,16.0
0.9214057922363281,0.011549000042796796,0.34803747534751894,128.0,0.01,0.5,sgd,0,0,16.0
0.9482245445251465,0.0083172640380231,0.17793093025684356,128.0,0.01,0.6,adam,0,0,16.0
0.9232722163200379,0.009642089483663272,0.3511833429336548,128.0,0.01,0.6,sgd,0,0,16.0
0.9477591633796691,0.004653201166253465,0.179595884680748,128.0,0.001,0.1,adam,0,0,16.0
0.9260737657546997,0.01123730997208214,0.343283486366272,128.0,0.001,0.1,sgd,0,0,16.0
0.9479938983917237,0.00401702137166444,0.18145873248577118,128.0,0.001,0.2,adam,0,0,16.0
0.9235055923461915,0.0099485196598234,0.3407324492931366,128.0,0.001,0.2,sgd,0,0,16.0
0.9468275785446167,0.003106865214018741,0.18508756160736084,128.0,0.001,0.30000000000000004,adam,0,0,16.0
0.9216421365737915,0.010248717468161335,0.34948383569717406,128.0,0.001,0.30000000000000004,sgd,0,0,16.0
0.9470609545707702,0.001601745384176015,0.1818005323410034,128.0,0.001,0.4,adam,0,0,16.0
0.9202386498451233,0.010369273202300544,0.3484572470188141,128.0,0.001,0.4,sgd,0,0,16.0
0.9475271701812744,0.00398179438793762,0.17773142457008362,128.0,0.001,0.5,adam,0,0,16.0
0.9211729526519775,0.011757179145300018,0.3493086814880371,128.0,0.001,0.5,sgd,0,0,16.0
0.9470604062080383,0.005701922682314393,0.17678960263729096,128.0,0.001,0.6,adam,0,0,16.0
0.9274704694747925,0.008622521827010014,0.33928885459899905,128.0,0.001,0.6,sgd,0,0,16.0
0.9463597416877747,0.0055402261596446565,0.1829115182161331,128.0,0.0001,0.1,adam,0,0,16.0
0.9249066352844239,0.009166710109145005,0.34484970569610596,128.0,0.0001,0.1,sgd,0,0,16.0
0.9486932039260865,0.002350304923749065,0.17941394448280334,128.0,0.0001,0.2,adam,0,0,16.0
0.9211718559265136,0.013589141997309652,0.34127323031425477,128.0,0.0001,0.2,sgd,0,0,16.0
0.9489249467849732,0.005047126977020016,0.1765434443950653,128.0,0.0001,0.30000000000000004,adam,0,0,16.0
0.9232708573341369,0.009652023236733073,0.35707897543907163,128.0,0.0001,0.30000000000000004,sgd,0,0,16.0
0.9493922114372253,0.004537390904322731,0.17703440189361572,128.0,0.0001,0.4,adam,0,0,16.0
0.9277038335800171,0.01009294039959703,0.33651673793792725,128.0,0.0001,0.4,sgd,0,0,16.0
0.9458938241004944,0.004831735656815463,0.18467272818088531,128.0,0.0001,0.5,adam,0,0,16.0
0.9228046536445618,0.011894528825831321,0.34395370483398435,128.0,0.0001,0.5,sgd,0,0,16.0
0.9484598159790039,0.003504602651099246,0.17709845602512359,128.0,0.0001,0.6,adam,0,0,16.0
0.9277038455009461,0.00950848719421511,0.3396274149417877,128.0,0.0001,0.6,sgd,0,0,16.0
0.9486921072006226,0.004259453706424467,0.18140201270580292,128.0,1e-05,0.1,adam,0,0,16.0
0.9249052762985229,0.010163130061914856,0.337841272354126,128.0,1e-05,0.1,sgd,0,0,16.0
0.9463592171669006,0.0052438041572852485,0.1771923393011093,128.0,1e-05,0.2,adam,0,0,16.0
0.9225713014602661,0.010415214212816623,0.34650899171829225,128.0,1e-05,0.2,sgd,0,0,16.0
0.9475263357162476,0.0037836368194997783,0.17985875606536866,128.0,1e-05,0.30000000000000004,adam,0,0,16.0
0.9277014017105103,0.008632280690578505,0.33380021452903746,128.0,1e-05,0.30000000000000004,sgd,0,0,16.0
0.9489252090454101,0.004532744379172408,0.17854591012001036,128.0,1e-05,0.4,adam,0,0,16.0
0.9256037473678589,0.011351774295979491,0.3483904957771301,128.0,1e-05,0.4,sgd,0,0,16.0
0.9447258710861206,0.007350468528510802,0.18734282553195952,128.0,1e-05,0.5,adam,0,0,16.0
0.9279388308525085,0.010715258297898439,0.33525465726852416,128.0,1e-05,0.5,sgd,0,0,16.0
0.951257300376892,0.004990837609522884,0.17589606046676637,128.0,1e-05,0.6,adam,0,0,16.0
0.9265358924865723,0.010398226062110142,0.3556844651699066,128.0,1e-05,0.6,sgd,0,0,16.0
0.9491577625274659,0.00547586428326978,0.17566408216953278,128.0,1e-06,0.1,adam,0,0,16.0
0.9279342293739319,0.011023886814666432,0.33818814158439636,128.0,1e-06,0.1,sgd,0,0,16.0
0.9463581204414367,0.008239757101768518,0.1826818287372589,128.0,1e-06,0.2,adam,0,0,16.0
0.9235050320625305,0.01030193410748006,0.34267051219940187,128.0,1e-06,0.2,sgd,0,0,16.0
0.9451964259147644,0.002071104553033051,0.18259146213531494,128.0,1e-06,0.30000000000000004,adam,0,0,16.0
0.9288712501525879,0.006915347256429013,0.34167746901512147,128.0,1e-06,0.30000000000000004,sgd,0,0,16.0
0.9465939283370972,0.004275863374202445,0.17761222124099732,128.0,1e-06,0.4,adam,0,0,16.0
0.9267687201499939,0.009597381422327965,0.34280750155448914,128.0,1e-06,0.4,sgd,0,0,16.0
0.9486912846565246,0.005691222933020293,0.17936183512210846,128.0,1e-06,0.5,adam,0,0,16.0
0.926071047782898,0.006720135675208684,0.34499183893203733,128.0,1e-06,0.5,sgd,0,0,16.0
0.9465947628021241,0.0037207331121934368,0.1836413711309433,128.0,1e-06,0.6,adam,0,0,16.0
0.9237359762191772,0.009974189218952084,0.33965811133384705,128.0,1e-06,0.6,sgd,0,0,16.0
0.9479933619499207,0.0031980274342777795,0.18026454448699952,256.0,1.0,0.1,adam,0,0,16.0
0.9251375675201416,0.008212272721691933,0.3401563405990601,256.0,1.0,0.1,sgd,0,0,16.0
0.9465933918952942,0.0037425028559530224,0.17848549485206605,256.0,1.0,0.2,adam,0,0,16.0
0.9232724905014038,0.014778053254818024,0.34148736000061036,256.0,1.0,0.2,sgd,0,0,16.0
0.9477594375610352,0.004408156318356041,0.1772282063961029,256.0,1.0,0.30000000000000004,adam,0,0,16.0
0.9235050559043885,0.006225359623530237,0.3487792134284973,256.0,1.0,0.30000000000000004,sgd,0,0,16.0
0.9482250928878784,0.005006904457042238,0.1753723591566086,256.0,1.0,0.4,adam,0,0,16.0
0.9218706130981446,0.011827717982426735,0.36214751601219175,256.0,1.0,0.4,sgd,0,0,16.0
0.9435603618621826,0.006927786327495093,0.1826435387134552,256.0,1.0,0.5,adam,0,0,16.0
0.928401780128479,0.007853665554343525,0.334513658285141,256.0,1.0,0.5,sgd,0,0,16.0
0.943326723575592,0.0065693917337264944,0.18705663383007048,256.0,1.0,0.6,adam,0,0,16.0
0.9263016939163208,0.00951719319398133,0.3370804965496063,256.0,1.0,0.6,sgd,0,0,16.0
0.9486929178237915,0.004119076536099114,0.1785523533821106,256.0,0.1,0.1,adam,0,0,16.0
0.9235061407089233,0.009412993181389108,0.3504693448543549,256.0,0.1,0.1,sgd,0,0,16.0
0.9479925394058227,0.0042339613864422415,0.17632224559783935,256.0,0.1,0.2,adam,0,0,16.0
0.9188416838645935,0.010556515736917781,0.3521681189537048,256.0,0.1,0.2,sgd,0,0,16.0
0.9491594076156616,0.002423432922824335,0.1752072900533676,256.0,0.1,0.30000000000000004,adam,0,0,16.0
0.9265383362770081,0.009897182773260328,0.3415773093700409,256.0,0.1,0.30000000000000004,sgd,0,0,16.0
0.9475265979766846,0.0038500053615239623,0.17817756831645964,256.0,0.1,0.4,adam,0,0,16.0
0.9265350699424744,0.011402511457257044,0.3390873908996582,256.0,0.1,0.4,sgd,0,0,16.0
0.9486912965774537,0.005137527038565292,0.17902632057666779,256.0,0.1,0.5,adam,0,0,16.0
0.9265377998352051,0.009190655777237006,0.3379212498664856,256.0,0.1,0.5,sgd,0,0,16.0
0.9470606803894043,0.0021850044869455936,0.1827608436346054,256.0,0.1,0.6,adam,0,0,16.0
0.9237378716468811,0.009626266712731696,0.3433740556240082,256.0,0.1,0.6,sgd,0,0,16.0
0.9475244402885437,0.00786387832964548,0.18118815422058104,256.0,0.01,0.1,adam,0,0,16.0
0.9258365988731384,0.012476275996673942,0.3349575877189636,256.0,0.01,0.1,sgd,0,0,16.0
0.9449597835540772,0.007556868765598821,0.18000416159629823,256.0,0.01,0.2,adam,0,0,16.0
0.9211729407310486,0.008318917022074468,0.35297386050224305,256.0,0.01,0.2,sgd,0,0,16.0
0.9514909386634827,0.0038957336027964106,0.17485998570919037,256.0,0.01,0.30000000000000004,adam,0,0,16.0
0.9235053062438965,0.009302172916870034,0.3385019600391388,256.0,0.01,0.30000000000000004,sgd,0,0,16.0
0.9468262076377869,0.00537141915581243,0.18065256178379058,256.0,0.01,0.4,adam,0,0,16.0
0.9286386847496033,0.011660543314459627,0.34469597935676577,256.0,0.01,0.4,sgd,0,0,16.0
0.9484595417976379,0.0038765238824959017,0.17904840409755707,256.0,0.01,0.5,adam,0,0,16.0
0.9251372814178467,0.006843224255908657,0.3375913739204407,256.0,0.01,0.5,sgd,0,0,16.0
0.9461282730102539,0.0021480652102397408,0.18052574694156648,256.0,0.01,0.6,adam,0,0,16.0
0.9274726510047913,0.007704356218699016,0.3408677041530609,256.0,0.01,0.6,sgd,0,0,16.0
0.9447275042533875,0.006955608746023906,0.1795243352651596,256.0,0.001,0.1,adam,0,0,16.0
0.9246713519096375,0.010193497209239497,0.34779771566390993,256.0,0.001,0.1,sgd,0,0,16.0
0.9498581409454345,0.00412968023388621,0.17668190598487854,256.0,0.001,0.2,adam,0,0,16.0
0.917671012878418,0.014137195656589255,0.3430315673351288,256.0,0.001,0.2,sgd,0,0,16.0
0.9484592795372009,0.004928918687847542,0.17741208970546724,256.0,0.001,0.30000000000000004,adam,0,0,16.0
0.9260694265365601,0.00948573903321143,0.3513367176055908,256.0,0.001,0.30000000000000004,sgd,0,0,16.0
0.9468270301818847,0.0036015982324033046,0.17792612314224243,256.0,0.001,0.4,adam,0,0,16.0
0.9302671313285827,0.010459908619179765,0.3448624789714813,256.0,0.001,0.4,sgd,0,0,16.0
0.9440252184867859,0.008409014339140776,0.1838487356901169,256.0,0.001,0.5,adam,0,0,16.0
0.9232700347900391,0.012525518742584086,0.3438537359237671,256.0,0.001,0.5,sgd,0,0,16.0
0.9463608384132385,0.00257765483464745,0.1832431048154831,256.0,0.001,0.6,adam,0,0,16.0
0.9249074578285217,0.010253266074870137,0.34592140316963194,256.0,0.001,0.6,sgd,0,0,16.0
0.9491583108901978,0.004722726981608784,0.17590922713279725,256.0,0.0001,0.1,adam,0,0,16.0
0.9253712058067322,0.01166860277454498,0.3373409867286682,256.0,0.0001,0.1,sgd,0,0,16.0
0.948458194732666,0.00546526855466168,0.17776282429695128,256.0,0.0001,0.2,adam,0,0,16.0
0.9265369892120361,0.00845735412919366,0.3440274834632874,256.0,0.0001,0.2,sgd,0,0,16.0
0.9433291792869568,0.005257596850802584,0.1921558380126953,256.0,0.0001,0.30000000000000004,adam,0,0,16.0
0.9258355021476745,0.011319953969308537,0.34225395917892454,256.0,0.0001,0.30000000000000004,sgd,0,0,16.0
0.9440279245376587,0.006892362188425121,0.18498529493808746,256.0,0.0001,0.4,adam,0,0,16.0
0.9230385780334472,0.008429488450475807,0.34465128779411314,256.0,0.0001,0.4,sgd,0,0,16.0
0.9468273162841797,0.004025763035949613,0.17821254432201386,256.0,0.0001,0.5,adam,0,0,16.0
0.92770357131958,0.004859358701877819,0.3419487297534943,256.0,0.0001,0.5,sgd,0,0,16.0
0.947760796546936,0.0051851702997302174,0.18547917902469635,256.0,0.0001,0.6,adam,0,0,16.0
0.9246689200401306,0.01433278473428973,0.34484119415283204,256.0,0.0001,0.6,sgd,0,0,16.0
0.9477589011192322,0.005705153991240765,0.17631057202816008,256.0,1e-05,0.1,adam,0,0,16.0
0.9300337433815002,0.008211049295064188,0.3346462368965149,256.0,1e-05,0.1,sgd,0,0,16.0
0.948457932472229,0.005943590288623355,0.17793773710727692,256.0,1e-05,0.2,adam,0,0,16.0
0.9230404615402221,0.004843841404173064,0.3583808958530426,256.0,1e-05,0.2,sgd,0,0,16.0
0.9486934542655945,0.004112600868150937,0.17767604291439057,256.0,1e-05,0.30000000000000004,adam,0,0,16.0
0.9272365570068359,0.009126302724282324,0.3452558934688568,256.0,1e-05,0.30000000000000004,sgd,0,0,16.0
0.946126925945282,0.005204646647403317,0.18303655683994294,256.0,1e-05,0.4,adam,0,0,16.0
0.9244412541389465,0.004952536083995859,0.3344451546669006,256.0,1e-05,0.4,sgd,0,0,16.0
0.9498578906059265,0.005077621433906262,0.1758648067712784,256.0,1e-05,0.5,adam,0,0,16.0
0.9235050320625305,0.010380993512906537,0.3447312772274017,256.0,1e-05,0.5,sgd,0,0,16.0
0.9451950669288636,0.0059520694288887335,0.18014045357704161,256.0,1e-05,0.6,adam,0,0,16.0
0.927235996723175,0.009422905732890344,0.3346846282482147,256.0,1e-05,0.6,sgd,0,0,16.0
0.9479928016662598,0.0046005241747382785,0.1789244145154953,256.0,1e-06,0.1,adam,0,0,16.0
0.9235047698020935,0.011382766450232343,0.35460291504859925,256.0,1e-06,0.1,sgd,0,0,16.0
0.9430933475494385,0.008980845122375175,0.18402399718761445,256.0,1e-06,0.2,adam,0,0,16.0
0.9228070974349976,0.0097690193366325,0.3466053903102875,256.0,1e-06,0.2,sgd,0,0,16.0
0.9486923813819885,0.004681787804028289,0.17605274617671968,256.0,1e-06,0.30000000000000004,adam,0,0,16.0
0.9249039173126221,0.005871434486626152,0.3347397744655609,256.0,1e-06,0.30000000000000004,sgd,0,0,16.0
0.9491583108901978,0.004546041506931969,0.1773877263069153,256.0,1e-06,0.4,adam,0,0,16.0
0.9237384080886841,0.010716735679908343,0.3617312371730804,256.0,1e-06,0.4,sgd,0,0,16.0
0.9477591633796691,0.004767223022595558,0.17588758170604707,256.0,1e-06,0.5,adam,0,0,16.0
0.9272373795509339,0.01238354902991036,0.3362057328224182,256.0,1e-06,0.5,sgd,0,0,16.0
0.947292959690094,0.00615757447701561,0.18137015104293824,256.0,1e-06,0.6,adam,0,0,16.0
0.9209384799003602,0.010519004862821915,0.34634382128715513,256.0,1e-06,0.6,sgd,0,0,16.0
0.9500918030738831,0.0037371016898902084,0.17827401161193848,64.0,1.0,0.1,adam,0,0,32.0
0.9272368311882019,0.009868764016367798,0.3396670758724213,64.0,1.0,0.1,sgd,0,0,32.0
0.9489257454872131,0.005401688553998421,0.17527786493301392,64.0,1.0,0.2,adam,0,0,32.0
0.9235055804252624,0.010402974356532613,0.35269389152526853,64.0,1.0,0.2,sgd,0,0,32.0
0.9489252209663391,0.003887752626899472,0.17466874420642853,64.0,1.0,0.30000000000000004,adam,0,0,32.0
0.9244377136230468,0.007876609961538175,0.3445255994796753,64.0,1.0,0.30000000000000004,sgd,0,0,32.0
0.9458938241004944,0.0032097371661641582,0.18212507367134095,64.0,1.0,0.4,adam,0,0,32.0
0.929567551612854,0.010308699084042333,0.3379876911640167,64.0,1.0,0.4,sgd,0,0,32.0
0.9482267141342163,0.005148457324442562,0.178145232796669,64.0,1.0,0.5,adam,0,0,32.0
0.9260724067687989,0.005696926159126971,0.34664933681488036,64.0,1.0,0.5,sgd,0,0,32.0
0.9470587730407715,0.005953499975769979,0.17917053401470184,64.0,1.0,0.6,adam,0,0,32.0
0.927704119682312,0.005331028930392702,0.3392856478691101,64.0,1.0,0.6,sgd,0,0,32.0
0.9433302640914917,0.006149216547270356,0.18518944680690766,64.0,0.1,0.1,adam,0,0,32.0
0.9263046979904175,0.011229124767752468,0.33881505131721495,64.0,0.1,0.1,sgd,0,0,32.0
0.9482269883155823,0.0031904168828719545,0.17817423939704896,64.0,0.1,0.2,adam,0,0,32.0
0.9256032228469848,0.011525125261978112,0.34121384024620055,64.0,0.1,0.2,sgd,0,0,32.0
0.9465942144393921,0.003872221507290051,0.17742518782615663,64.0,0.1,0.30000000000000004,adam,0,0,32.0
0.9258379578590393,0.008661146720861974,0.3443016231060028,64.0,0.1,0.30000000000000004,sgd,0,0,32.0
0.9510250210762023,0.00391554654283285,0.1767364114522934,64.0,0.1,0.4,adam,0,0,32.0
0.9263011574745178,0.011417238590078089,0.3455583393573761,64.0,0.1,0.4,sgd,0,0,32.0
0.9463583946228027,0.006501742391584012,0.18198911249637603,64.0,0.1,0.5,adam,0,0,32.0
0.9270058870315552,0.008259576141732694,0.3361479341983795,64.0,0.1,0.5,sgd,0,0,32.0
0.9456617951393127,0.00241303049814543,0.1814279317855835,64.0,0.1,0.6,adam,0,0,32.0
0.9244387984275818,0.008399034805200517,0.3415400624275208,64.0,0.1,0.6,sgd,0,0,32.0
0.9484592795372009,0.004151418987146348,0.17727846205234526,64.0,0.01,0.1,adam,0,0,32.0
0.921408224105835,0.005248704980413895,0.34057657122612,64.0,0.01,0.1,sgd,0,0,32.0
0.9468270421028138,0.0035259198128537294,0.1787197172641754,64.0,0.01,0.2,adam,0,0,32.0
0.9258352279663086,0.011104054072239092,0.35090813636779783,64.0,0.01,0.2,sgd,0,0,32.0
0.9484595537185669,0.004402193636049818,0.17694288790225982,64.0,0.01,0.30000000000000004,adam,0,0,32.0
0.9258379459381103,0.007410036799749621,0.3452669620513916,64.0,0.01,0.30000000000000004,sgd,0,0,32.0
0.9505588054656983,0.0035172812789424795,0.17779301404953002,64.0,0.01,0.4,adam,0,0,32.0
0.9251386523246765,0.006826509686411249,0.34264002442359925,64.0,0.01,0.4,sgd,0,0,32.0
0.9484598278999329,0.002031767057313672,0.17694745361804962,64.0,0.01,0.5,adam,0,0,32.0
0.9249055504798889,0.00862713195563855,0.34385735988616944,64.0,0.01,0.5,sgd,0,0,32.0
0.9479919910430908,0.005856089312361417,0.17633796632289886,64.0,0.01,0.6,adam,0,0,32.0
0.9288698911666871,0.009421826217786741,0.3385020434856415,64.0,0.01,0.6,sgd,0,0,32.0
0.9440284848213196,0.005069702913696934,0.18754904866218566,64.0,0.001,0.1,adam,0,0,32.0
0.9256034970283509,0.011161143194831868,0.3436484754085541,64.0,0.001,0.1,sgd,0,0,32.0
0.9477605104446412,0.0036510436081699,0.1789456695318222,64.0,0.001,0.2,adam,0,0,32.0
0.9246719002723693,0.010759677731577598,0.35228208303451536,64.0,0.001,0.2,sgd,0,0,32.0
0.9479928016662598,0.004657575162335967,0.17712377905845642,64.0,0.001,0.30000000000000004,adam,0,0,32.0
0.9270026445388794,0.00873731977386998,0.34137462377548217,64.0,0.001,0.30000000000000004,sgd,0,0,32.0
0.9470590472221374,0.0060847135965523425,0.17981073260307312,64.0,0.001,0.4,adam,0,0,32.0
0.9267698049545288,0.012249912768868892,0.3385416030883789,64.0,0.001,0.4,sgd,0,0,32.0
0.9493919610977173,0.0036811150378365243,0.1747778534889221,64.0,0.001,0.5,adam,0,0,32.0
0.9263046860694886,0.011743309723908277,0.33711222410202024,64.0,0.001,0.5,sgd,0,0,32.0
0.947292685508728,0.004767960185394119,0.1780757188796997,64.0,0.001,0.6,adam,0,0,32.0
0.9237389445304871,0.011041101822238672,0.3379242837429047,64.0,0.001,0.6,sgd,0,0,32.0
0.9472943305969238,0.002707150617237604,0.1795780122280121,64.0,0.0001,0.1,adam,0,0,32.0
0.9249033808708191,0.007925689006244232,0.3418299674987793,64.0,0.0001,0.1,sgd,0,0,32.0
0.9486913084983826,0.006105028703805608,0.17861715257167815,64.0,0.0001,0.2,adam,0,0,32.0
0.9253703951835632,0.011517723392435448,0.3347403943538666,64.0,0.0001,0.2,sgd,0,0,32.0
0.9475263357162476,0.0076422540852357215,0.178629469871521,64.0,0.0001,0.30000000000000004,adam,0,0,32.0
0.9286356925964355,0.009412924130915662,0.34655962586402894,64.0,0.0001,0.30000000000000004,sgd,0,0,32.0
0.9484601020812988,0.0025046169920611974,0.1802947163581848,64.0,0.0001,0.4,adam,0,0,32.0
0.9211729526519775,0.008978014346407803,0.3607575953006744,64.0,0.0001,0.4,sgd,0,0,32.0
0.9447269439697266,0.006174726836407395,0.18548486828804017,64.0,0.0001,0.5,adam,0,0,32.0
0.9258395910263062,0.00916513558782526,0.341333669424057,64.0,0.0001,0.5,sgd,0,0,32.0
0.9463616609573364,0.002663532637448341,0.17694322466850282,64.0,0.0001,0.6,adam,0,0,32.0
0.9270039916038513,0.006554274353696837,0.3383542835712433,64.0,0.0001,0.6,sgd,0,0,32.0
0.9454278945922852,0.004401584194784049,0.1813225120306015,64.0,1e-05,0.1,adam,0,0,32.0
0.9251359343528748,0.009796394528729034,0.3407341420650482,64.0,1e-05,0.1,sgd,0,0,32.0
0.9456617951393127,0.0012117193200774255,0.1789618730545044,64.0,1e-05,0.2,adam,0,0,32.0
0.9253717660903931,0.008545493893886577,0.33570348620414736,64.0,1e-05,0.2,sgd,0,0,32.0
0.9463578462600708,0.008072794982706818,0.18056769371032716,64.0,1e-05,0.30000000000000004,adam,0,0,32.0
0.9249050140380859,0.012226030967825721,0.33930734992027284,64.0,1e-05,0.30000000000000004,sgd,0,0,32.0
0.9451939702033997,0.005586094509094825,0.18335659205913543,64.0,1e-05,0.4,adam,0,0,32.0
0.9258368730545044,0.013298113972889795,0.34748353958129885,64.0,1e-05,0.4,sgd,0,0,32.0
0.9470604181289672,0.00242691119844113,0.17924028038978576,64.0,1e-05,0.5,adam,0,0,32.0
0.920240831375122,0.00941493457880576,0.33864116072654726,64.0,1e-05,0.5,sgd,0,0,32.0
0.9465936660766602,0.003951447399671414,0.18720017671585082,64.0,1e-05,0.6,adam,0,0,32.0
0.9239701509475708,0.009223115644893943,0.3361820995807648,64.0,1e-05,0.6,sgd,0,0,32.0
0.9470590353012085,0.005763800682338628,0.18245547711849214,64.0,1e-06,0.1,adam,0,0,32.0
0.9244385242462159,0.010628978725747204,0.34370520114898684,64.0,1e-06,0.1,sgd,0,0,32.0
0.948457932472229,0.005367116981175529,0.17893551290035248,64.0,1e-06,0.2,adam,0,0,32.0
0.9256056666374206,0.009988195551552451,0.3492963075637817,64.0,1e-06,0.2,sgd,0,0,32.0
0.9479930758476257,0.004353799690981258,0.17692305147647858,64.0,1e-06,0.30000000000000004,adam,0,0,32.0
0.9277052044868469,0.009412186552864667,0.33968480825424197,64.0,1e-06,0.30000000000000004,sgd,0,0,32.0
0.9503257155418396,0.0028307688130208715,0.17493659853935242,64.0,1e-06,0.4,adam,0,0,32.0
0.9281705856323242,0.0119060536673507,0.33534168601036074,64.0,1e-06,0.4,sgd,0,0,32.0
0.946825134754181,0.005771843466761494,0.17962293624877929,64.0,1e-06,0.5,adam,0,0,32.0
0.9265353441238403,0.010084284313154286,0.34978912472724916,64.0,1e-06,0.5,sgd,0,0,32.0
0.9442613124847412,0.005654369098882866,0.1804300755262375,64.0,1e-06,0.6,adam,0,0,32.0
0.9249041914939881,0.008917887841932181,0.33748175501823424,64.0,1e-06,0.6,sgd,0,0,32.0
0.9465933918952942,0.004530051238695137,0.18133683502674103,128.0,1.0,0.1,adam,0,0,32.0
0.9263017058372498,0.011196064888732518,0.34174983501434325,128.0,1.0,0.1,sgd,0,0,32.0
0.9493911385536193,0.005621256087473241,0.1760941743850708,128.0,1.0,0.2,adam,0,0,32.0
0.9256026744842529,0.011530213765417689,0.3385446786880493,128.0,1.0,0.2,sgd,0,0,32.0
0.9472932338714599,0.00373867859799265,0.18210579752922057,128.0,1.0,0.30000000000000004,adam,0,0,32.0
0.9223392724990844,0.011620061686378878,0.36249107122421265,128.0,1.0,0.30000000000000004,sgd,0,0,32.0
0.9479917168617249,0.005950839756385419,0.17727843225002288,128.0,1.0,0.4,adam,0,0,32.0
0.9246724486351013,0.00974926041405219,0.33905689120292665,128.0,1.0,0.4,sgd,0,0,32.0
0.9465936660766602,0.007964902919125128,0.1788887709379196,128.0,1.0,0.5,adam,0,0,32.0
0.9291040778160096,0.009820920931126683,0.3411884307861328,128.0,1.0,0.5,sgd,0,0,32.0
0.9489252209663391,0.004766722451572065,0.17677812576293944,128.0,1.0,0.6,adam,0,0,32.0
0.9263033151626587,0.009530770122840055,0.3409753441810608,128.0,1.0,0.6,sgd,0,0,32.0
0.9468267679214477,0.0046579573792795365,0.18496516048908235,128.0,0.1,0.1,adam,0,0,32.0
0.9256040334701539,0.011609996845257082,0.34932624101638793,128.0,0.1,0.1,sgd,0,0,32.0
0.9489243984222412,0.005315312592069316,0.1776411473751068,128.0,0.1,0.2,adam,0,0,32.0
0.9249028444290162,0.009549077067957636,0.34107316136360166,128.0,0.1,0.2,sgd,0,0,32.0
0.9468262076377869,0.006470691403827013,0.1802574872970581,128.0,0.1,0.30000000000000004,adam,0,0,32.0
0.922572910785675,0.010217175793595342,0.34519452452659605,128.0,0.1,0.30000000000000004,sgd,0,0,32.0
0.9461258292198181,0.006428405777545371,0.18653860986232756,128.0,0.1,0.4,adam,0,0,32.0
0.9265353560447693,0.013834882153075104,0.3458777368068695,128.0,0.1,0.4,sgd,0,0,32.0
0.9444957494735717,0.0015987953641855967,0.1828427106142044,128.0,0.1,0.5,adam,0,0,32.0
0.9249055504798889,0.00762407869310166,0.34663429856300354,128.0,0.1,0.5,sgd,0,0,32.0
0.9491596698760987,0.004529476297762608,0.1767510622739792,128.0,0.1,0.6,adam,0,0,32.0
0.9246716380119324,0.009949912657626084,0.33918060064315797,128.0,0.1,0.6,sgd,0,0,32.0
0.9477594494819641,0.003593809186197924,0.1809685081243515,128.0,0.01,0.1,adam,0,0,32.0
0.9256043195724487,0.010582801110614291,0.3368738293647766,128.0,0.01,0.1,sgd,0,0,32.0
0.9465936541557312,0.005698085063725706,0.18057371377944947,128.0,0.01,0.2,adam,0,0,32.0
0.9256064891815186,0.014787252043013854,0.3463724970817566,128.0,0.01,0.2,sgd,0,0,32.0
0.9482267260551452,0.0035193010815553773,0.1762063831090927,128.0,0.01,0.30000000000000004,adam,0,0,32.0
0.9207040429115295,0.01219343332552199,0.33975223898887635,128.0,0.01,0.30000000000000004,sgd,0,0,32.0
0.9470574259757996,0.008803241350107922,0.1835162192583084,128.0,0.01,0.4,adam,0,0,32.0
0.9258360385894775,0.009515781368564088,0.34867838621139524,128.0,0.01,0.4,sgd,0,0,32.0
0.9489254832267762,0.003276094641420826,0.1772540718317032,128.0,0.01,0.5,adam,0,0,32.0
0.923041021823883,0.007261408332278592,0.35292871594429015,128.0,0.01,0.5,sgd,0,0,32.0
0.948458468914032,0.008037530334646643,0.18276596069335938,128.0,0.01,0.6,adam,0,0,32.0
0.9251370191574096,0.007741961667645687,0.3468677043914795,128.0,0.01,0.6,sgd,0,0,32.0
0.9510236501693725,0.004690789600176373,0.17510311007499696,128.0,0.001,0.1,adam,0,0,32.0
0.9279396653175354,0.009419497092707986,0.3455299258232117,128.0,0.001,0.1,sgd,0,0,32.0
0.9482264518737793,0.004594157448722465,0.17798929512500763,128.0,0.001,0.2,adam,0,0,32.0
0.9267695307731628,0.006845305519230678,0.33556807041168213,128.0,0.001,0.2,sgd,0,0,32.0
0.9454262614250183,0.005518266549542881,0.18266197741031648,128.0,0.001,0.30000000000000004,adam,0,0,32.0
0.9242054224014282,0.0069750403920132795,0.34195579290390016,128.0,0.001,0.30000000000000004,sgd,0,0,32.0
0.9493930459022522,0.0028282090812915294,0.17975630462169648,128.0,0.001,0.4,adam,0,0,32.0
0.9209422945976258,0.007493998013767878,0.34765076637268066,128.0,0.001,0.4,sgd,0,0,32.0
0.9465928554534913,0.004227555012168663,0.18073422610759735,128.0,0.001,0.5,adam,0,0,32.0
0.9244398832321167,0.003338777506428513,0.3350193738937378,128.0,0.001,0.5,sgd,0,0,32.0
0.94659583568573,0.004379263672001849,0.18218835890293122,128.0,0.001,0.6,adam,0,0,32.0
0.9223387122154236,0.00742368526083786,0.3471005618572235,128.0,0.001,0.6,sgd,0,0,32.0
0.9475249648094177,0.006369428056442339,0.1772869974374771,128.0,0.0001,0.1,adam,0,0,32.0
0.9251370191574096,0.008348245800515094,0.34648858904838564,128.0,0.0001,0.1,sgd,0,0,32.0
0.9489257574081421,0.003736537609620172,0.1767872929573059,128.0,0.0001,0.2,adam,0,0,32.0
0.9235050320625305,0.012029954540357763,0.34237552881240846,128.0,0.0001,0.2,sgd,0,0,32.0
0.946127736568451,0.002719679879663985,0.18159489333629608,128.0,0.0001,0.30000000000000004,adam,0,0,32.0
0.9270029067993164,0.00953690606969039,0.3409970819950104,128.0,0.0001,0.30000000000000004,sgd,0,0,32.0
0.9477586269378662,0.006382589322462951,0.17790216207504272,128.0,0.0001,0.4,adam,0,0,32.0
0.9246705293655395,0.00880150824366891,0.3463127613067627,128.0,0.0001,0.4,sgd,0,0,32.0
0.947292423248291,0.0054117036607671904,0.17512610256671907,128.0,0.0001,0.5,adam,0,0,32.0
0.9258379578590393,0.00794254818111267,0.34083676934242246,128.0,0.0001,0.5,sgd,0,0,32.0
0.9475268721580505,0.004789833806382509,0.1773318260908127,128.0,0.0001,0.6,adam,0,0,32.0
0.9258368611335754,0.008828153500006817,0.3462036490440369,128.0,0.0001,0.6,sgd,0,0,32.0
0.947292423248291,0.005893025214188806,0.17912022471427919,128.0,1e-05,0.1,adam,0,0,32.0
0.926767909526825,0.014058897535491669,0.34448227286338806,128.0,1e-05,0.1,sgd,0,0,32.0
0.9470604062080383,0.004880383452553804,0.18475894629955292,128.0,1e-05,0.2,adam,0,0,32.0
0.9244388103485107,0.014684879270151309,0.3379336893558502,128.0,1e-05,0.2,sgd,0,0,32.0
0.9493903160095215,0.007161028836268764,0.17798784971237183,128.0,1e-05,0.30000000000000004,adam,0,0,32.0
0.9256037712097168,0.008972692109672952,0.34084765911102294,128.0,1e-05,0.30000000000000004,sgd,0,0,32.0
0.9447291374206543,0.0037353199742101843,0.18262323439121247,128.0,1e-05,0.4,adam,0,0,32.0
0.9253709316253662,0.008896001357086025,0.338684743642807,128.0,1e-05,0.4,sgd,0,0,32.0
0.944960868358612,0.0037445472205838663,0.1853674203157425,128.0,1e-05,0.5,adam,0,0,32.0
0.924436891078949,0.011067729210250213,0.34193058013916017,128.0,1e-05,0.5,sgd,0,0,32.0
0.9484598278999329,0.006899040022279591,0.18098969161510467,128.0,1e-05,0.6,adam,0,0,32.0
0.929337453842163,0.011577768200418198,0.3425341367721558,128.0,1e-05,0.6,sgd,0,0,32.0
0.9463611125946045,0.0056221777430713995,0.18414532840251924,128.0,1e-06,0.1,adam,0,0,32.0
0.9260723948478699,0.006198621263913521,0.33563844561576844,128.0,1e-06,0.1,sgd,0,0,32.0
0.9486915588378906,0.0059207673428952135,0.177171790599823,128.0,1e-06,0.2,adam,0,0,32.0
0.9263057827949523,0.007781962027655231,0.3428407311439514,128.0,1e-06,0.2,sgd,0,0,32.0
0.9493911266326904,0.005060916793951494,0.1787160187959671,128.0,1e-06,0.30000000000000004,adam,0,0,32.0
0.9246708273887634,0.010666808776638016,0.34744799733161924,128.0,1e-06,0.30000000000000004,sgd,0,0,32.0
0.9493916869163513,0.004663034798467674,0.17787409126758574,128.0,1e-06,0.4,adam,0,0,32.0
0.9246716380119324,0.007595660719757458,0.34724339842796326,128.0,1e-06,0.4,sgd,0,0,32.0
0.9482261776924134,0.003449266604224792,0.17494517266750337,128.0,1e-06,0.5,adam,0,0,32.0
0.9239717841148376,0.014046681739677009,0.33953278660774233,128.0,1e-06,0.5,sgd,0,0,32.0
0.9493908643722534,0.005116516754648401,0.17695440948009492,128.0,1e-06,0.6,adam,0,0,32.0
0.9270031571388244,0.009185793533011233,0.34112667441368105,128.0,1e-06,0.6,sgd,0,0,32.0
0.9489244103431702,0.0054665089859528915,0.17739594578742982,256.0,1.0,0.1,adam,0,0,32.0
0.9258357763290406,0.01181214703661124,0.3435447096824646,256.0,1.0,0.1,sgd,0,0,32.0
0.9465944647789002,0.003499279794824331,0.18336352407932283,256.0,1.0,0.2,adam,0,0,32.0
0.9267700791358948,0.008536654631128964,0.3514195442199707,256.0,1.0,0.2,sgd,0,0,32.0
0.9463597416877747,0.004860458131335448,0.1832430750131607,256.0,1.0,0.30000000000000004,adam,0,0,32.0
0.9270042657852173,0.0070698389617390904,0.33522905707359313,256.0,1.0,0.30000000000000004,sgd,0,0,32.0
0.9479933500289917,0.0042224720576477665,0.17433253228664397,256.0,1.0,0.4,adam,0,0,32.0
0.9270034432411194,0.01149795615746517,0.3435667634010315,256.0,1.0,0.4,sgd,0,0,32.0
0.9479933500289917,0.003816622327199467,0.18155205249786377,256.0,1.0,0.5,adam,0,0,32.0
0.9267708897590637,0.010550558897926991,0.338835334777832,256.0,1.0,0.5,sgd,0,0,32.0
0.9458940863609314,0.002845508059293689,0.18227312862873077,256.0,1.0,0.6,adam,0,0,32.0
0.9230366706848144,0.0101457401299486,0.3467544198036194,256.0,1.0,0.6,sgd,0,0,32.0
0.9489254832267762,0.004283088958971422,0.1772923529148102,256.0,0.1,0.1,adam,0,0,32.0
0.9253714799880981,0.008644572416088965,0.33246323466300964,256.0,0.1,0.1,sgd,0,0,32.0
0.947989535331726,0.00905023747300841,0.17903979420661925,256.0,0.1,0.2,adam,0,0,32.0
0.9256032109260559,0.00995337503835345,0.3470793068408966,256.0,0.1,0.2,sgd,0,0,32.0
0.9482261896133423,0.002844342520566871,0.17632203698158264,256.0,0.1,0.30000000000000004,adam,0,0,32.0
0.9228041052818299,0.010413163282054933,0.34949668049812316,256.0,0.1,0.30000000000000004,sgd,0,0,32.0
0.9461250185966492,0.0073434239538063655,0.17918845117092133,256.0,0.1,0.4,adam,0,0,32.0
0.9251386523246765,0.00919967764667945,0.3433283746242523,256.0,0.1,0.4,sgd,0,0,32.0
0.9470609545707702,0.00282962367655628,0.17997320294380187,256.0,0.1,0.5,adam,0,0,32.0
0.9302679300308228,0.00972662309861597,0.33688371777534487,256.0,0.1,0.5,sgd,0,0,32.0
0.9435614466667175,0.005217358669886518,0.1821845144033432,256.0,0.1,0.6,adam,0,0,32.0
0.9244401693344116,0.006446017546731308,0.3375757455825806,256.0,0.1,0.6,sgd,0,0,32.0
0.9442607641220093,0.006338842693346602,0.19003174901008607,256.0,0.01,0.1,adam,0,0,32.0
0.9256040334701539,0.010479331062877921,0.33787286281585693,256.0,0.01,0.1,sgd,0,0,32.0
0.944960069656372,0.005106153084820141,0.18296529352664948,256.0,0.01,0.2,adam,0,0,32.0
0.9260715961456298,0.011201889755396417,0.34511280059814453,256.0,0.01,0.2,sgd,0,0,32.0
0.9479933619499207,0.002423412262918184,0.18494202196598053,256.0,0.01,0.30000000000000004,adam,0,0,32.0
0.9228060126304627,0.010932583568576721,0.3441921591758728,256.0,0.01,0.30000000000000004,sgd,0,0,32.0
0.9465939283370972,0.005400147226157569,0.18420507311820983,256.0,0.01,0.4,adam,0,0,32.0
0.9235085725784302,0.00891608980740532,0.35893973112106325,256.0,0.01,0.4,sgd,0,0,32.0
0.9479928016662598,0.0049406277037510795,0.17697470784187316,256.0,0.01,0.5,adam,0,0,32.0
0.9237375974655151,0.009312061784060577,0.34657426476478576,256.0,0.01,0.5,sgd,0,0,32.0
0.9491591215133667,0.0031153318884342214,0.17522110641002656,256.0,0.01,0.6,adam,0,0,32.0
0.9270042538642883,0.008720865342853613,0.3391339123249054,256.0,0.01,0.6,sgd,0,0,32.0
0.9454249024391175,0.009709763670257904,0.1811911553144455,256.0,0.001,0.1,adam,0,0,32.0
0.9295697331428527,0.008995914923423632,0.336524510383606,256.0,0.001,0.1,sgd,0,0,32.0
0.9491580367088318,0.004725896896850101,0.1771456480026245,256.0,0.001,0.2,adam,0,0,32.0
0.9267698049545288,0.007910743880231722,0.33884575963020325,256.0,0.001,0.2,sgd,0,0,32.0
0.9491569519042968,0.007197902526486595,0.17861000299453736,256.0,0.001,0.30000000000000004,adam,0,0,32.0
0.9225704789161682,0.010500844227358476,0.34638428688049316,256.0,0.001,0.30000000000000004,sgd,0,0,32.0
0.9470604062080383,0.00435149153447794,0.18739985227584838,256.0,0.001,0.4,adam,0,0,32.0
0.9218706130981446,0.012690886813242937,0.34839648604393003,256.0,0.001,0.4,sgd,0,0,32.0
0.9479928255081177,0.003207018311595806,0.17868746519088746,256.0,0.001,0.5,adam,0,0,32.0
0.9221061706542969,0.011954825415897402,0.3433412671089172,256.0,0.001,0.5,sgd,0,0,32.0
0.949624240398407,0.005156824092582483,0.17473483681678773,256.0,0.001,0.6,adam,0,0,32.0
0.9267698049545288,0.010634704418964382,0.33876118063926697,256.0,0.001,0.6,sgd,0,0,32.0
0.9479922652244568,0.005055856064615024,0.17694176137447357,256.0,0.0001,0.1,adam,0,0,32.0
0.9277060151100158,0.009911451625102674,0.33575411438941954,256.0,0.0001,0.1,sgd,0,0,32.0
0.94612637758255,0.006835018969483966,0.18024663031101226,256.0,0.0001,0.2,adam,0,0,32.0
0.9281708598136902,0.009663011558745785,0.3374765574932098,256.0,0.0001,0.2,sgd,0,0,32.0
0.9479933500289917,0.0038871510005408817,0.176624396443367,256.0,0.0001,0.30000000000000004,adam,0,0,32.0
0.9258363127708436,0.012214448051893412,0.3383829593658447,256.0,0.0001,0.30000000000000004,sgd,0,0,32.0
0.9503248929977417,0.0036044034882558034,0.17525488138198853,256.0,0.0001,0.4,adam,0,0,32.0
0.9235053300857544,0.010589209065243207,0.34905155897140505,256.0,0.0001,0.4,sgd,0,0,32.0
0.9475268840789794,0.0027800214374449515,0.17965471148490905,256.0,0.0001,0.5,adam,0,0,32.0
0.9258384823799133,0.005657162814179774,0.33877573609352113,256.0,0.0001,0.5,sgd,0,0,32.0
0.9484595417976379,0.0035852484429577756,0.1807329088449478,256.0,0.0001,0.6,adam,0,0,32.0
0.9209374070167542,0.01299851243532994,0.3584109485149384,256.0,0.0001,0.6,sgd,0,0,32.0
0.9449584245681762,0.009958537186599656,0.18466029167175294,256.0,1e-05,0.1,adam,0,0,32.0
0.9225720882415771,0.007198553734355175,0.341394704580307,256.0,1e-05,0.1,sgd,0,0,32.0
0.9465933799743652,0.004590193802013507,0.17989881336688995,256.0,1e-05,0.2,adam,0,0,32.0
0.9251367449760437,0.008734566018005162,0.36093716621398925,256.0,1e-05,0.2,sgd,0,0,32.0
0.9482261776924134,0.0034485370258214164,0.18220683932304382,256.0,1e-05,0.30000000000000004,adam,0,0,32.0
0.9265361547470092,0.01036937222332972,0.342816036939621,256.0,1e-05,0.30000000000000004,sgd,0,0,32.0
0.9451956152915955,0.002219044325865123,0.18300626277923585,256.0,1e-05,0.4,adam,0,0,32.0
0.9223389983177185,0.010514021762974573,0.345464688539505,256.0,1e-05,0.4,sgd,0,0,32.0
0.9470595836639404,0.004423743020987175,0.1838312029838562,256.0,1e-05,0.5,adam,0,0,32.0
0.9235053181648254,0.006133568633654345,0.3469765424728394,256.0,1e-05,0.5,sgd,0,0,32.0
0.9463597536087036,0.004512652481494715,0.1821724683046341,256.0,1e-05,0.6,adam,0,0,32.0
0.9239715218544007,0.010030054421756621,0.34256047010421753,256.0,1e-05,0.6,sgd,0,0,32.0
0.948458456993103,0.004597081276716649,0.1799022912979126,256.0,1e-06,0.1,adam,0,0,32.0
0.925602388381958,0.010015351734154219,0.33526177406311036,256.0,1e-06,0.1,sgd,0,0,32.0
0.9468286514282227,0.004139646406361533,0.1775969535112381,256.0,1e-06,0.2,adam,0,0,32.0
0.9244390845298767,0.006330274814857338,0.3533565282821655,256.0,1e-06,0.2,sgd,0,0,32.0
0.9477597236633301,0.003101756129970553,0.17994455397129058,256.0,1e-06,0.30000000000000004,adam,0,0,32.0
0.9246716499328613,0.009002748081101342,0.3509982228279114,256.0,1e-06,0.30000000000000004,sgd,0,0,32.0
0.9468278527259827,0.0035119958946984186,0.1805449277162552,256.0,1e-06,0.4,adam,0,0,32.0
0.9230361223220825,0.012325445613151725,0.3379710614681244,256.0,1e-06,0.4,sgd,0,0,32.0
0.9463600158691406,0.00399763767263201,0.17914233207702637,256.0,1e-06,0.5,adam,0,0,32.0
0.9253701210021973,0.007513520715993892,0.33400243520736694,256.0,1e-06,0.5,sgd,0,0,32.0
0.9454246282577514,0.00857914639783714,0.18504550755023957,256.0,1e-06,0.6,adam,0,0,32.0
0.9246705532073974,0.009397252275106538,0.34120758771896365,256.0,1e-06,0.6,sgd,0,0,32.0
0.9444949388504028,0.004031997026211648,0.18228496015071868,64.0,1.0,0.1,adam,0,0,64.0
0.9244377136230468,0.011110707160487386,0.33921953439712527,64.0,1.0,0.1,sgd,0,0,64.0
0.9470604062080383,0.003958251571233153,0.17749649286270142,64.0,1.0,0.2,adam,0,0,64.0
0.9214090466499328,0.010643220220743696,0.3596035659313202,64.0,1.0,0.2,sgd,0,0,64.0
0.9475276947021485,0.0038351380055777744,0.1784331351518631,64.0,1.0,0.30000000000000004,adam,0,0,64.0
0.9244393348693848,0.008064604161244906,0.34566503167152407,64.0,1.0,0.30000000000000004,sgd,0,0,64.0
0.9482256293296814,0.004544275131142451,0.17687959969043732,64.0,1.0,0.4,adam,0,0,64.0
0.9263057827949523,0.012055926967289564,0.33229054808616637,64.0,1.0,0.4,sgd,0,0,64.0
0.9470598697662354,0.0032095186017878936,0.1817702442407608,64.0,1.0,0.5,adam,0,0,64.0
0.9267700791358948,0.011421468670607624,0.3414626598358154,64.0,1.0,0.5,sgd,0,0,64.0
0.9463608503341675,0.004185128085490479,0.18233842849731446,64.0,1.0,0.6,adam,0,0,64.0
0.9228046536445618,0.011618507563637222,0.3550520658493042,64.0,1.0,0.6,sgd,0,0,64.0
0.948458468914032,0.005893203485455846,0.17614006698131562,64.0,0.1,0.1,adam,0,0,64.0
0.9267714500427247,0.011491245020188154,0.3349197208881378,64.0,0.1,0.1,sgd,0,0,64.0
0.9470603942871094,0.004935747842435107,0.17591336369514465,64.0,0.1,0.2,adam,0,0,64.0
0.9228090167045593,0.012360663406644868,0.3406371474266052,64.0,0.1,0.2,sgd,0,0,64.0
0.9503246307373047,0.0042973656640881465,0.18094052374362946,64.0,0.1,0.30000000000000004,adam,0,0,64.0
0.925373649597168,0.007254563626324753,0.343121325969696,64.0,0.1,0.30000000000000004,sgd,0,0,64.0
0.9475260615348816,0.004801325898942944,0.1758718639612198,64.0,0.1,0.4,adam,0,0,64.0
0.9202391982078553,0.013077805397795388,0.3633106291294098,64.0,0.1,0.4,sgd,0,0,64.0
0.9468265056610108,0.0034567046715868453,0.18195521235466003,64.0,0.1,0.5,adam,0,0,64.0
0.9272371053695678,0.011302158880804665,0.34627650380134584,64.0,0.1,0.5,sgd,0,0,64.0
0.9486913084983826,0.006237104262042748,0.18095238208770753,64.0,0.1,0.6,adam,0,0,64.0
0.9279393911361694,0.005115490655432447,0.3384138524532318,64.0,0.1,0.6,sgd,0,0,64.0
0.9475266098976135,0.002583067579452372,0.17812069952487947,64.0,0.01,0.1,adam,0,0,64.0
0.9239709615707398,0.01216537542441269,0.3400451481342316,64.0,0.01,0.1,sgd,0,0,64.0
0.9498595237731934,0.0012992423548738726,0.17649087011814119,64.0,0.01,0.2,adam,0,0,64.0
0.923738420009613,0.011960320493038738,0.33633670806884763,64.0,0.01,0.2,sgd,0,0,64.0
0.9454257249832153,0.006218952037581345,0.18008360862731934,64.0,0.01,0.30000000000000004,adam,0,0,64.0
0.9281716704368591,0.007611930659619184,0.3379939258098602,64.0,0.01,0.30000000000000004,sgd,0,0,64.0
0.9486921072006226,0.004627166406196841,0.1773744136095047,64.0,0.01,0.4,adam,0,0,64.0
0.9279361248016358,0.013312568901516478,0.3419491410255432,64.0,0.01,0.4,sgd,0,0,64.0
0.9479930758476257,0.003601179668296111,0.17746344208717346,64.0,0.01,0.5,adam,0,0,64.0
0.9265361666679383,0.013551563503438285,0.33856499195098877,64.0,0.01,0.5,sgd,0,0,64.0
0.9454287052154541,0.006488387519339963,0.18238639533519746,64.0,0.01,0.6,adam,0,0,64.0
0.9279358386993408,0.009269872872650834,0.3393385589122772,64.0,0.01,0.6,sgd,0,0,64.0
0.9479933619499207,0.0026381160696470236,0.18114567399024964,64.0,0.001,0.1,adam,0,0,64.0
0.9232738494873047,0.011552257312093524,0.348144006729126,64.0,0.001,0.1,sgd,0,0,64.0
0.9470604181289672,0.0030249109355023726,0.1836578667163849,64.0,0.001,0.2,adam,0,0,64.0
0.923270308971405,0.010336939139315337,0.3447811841964722,64.0,0.001,0.2,sgd,0,0,64.0
0.946824586391449,0.006972065742398493,0.1797573447227478,64.0,0.001,0.30000000000000004,adam,0,0,64.0
0.921408498287201,0.0097975977469835,0.35272058844566345,64.0,0.001,0.30000000000000004,sgd,0,0,64.0
0.9463602900505066,0.0039251311639575594,0.1819820672273636,64.0,0.001,0.4,adam,0,0,64.0
0.9284009575843811,0.010365604224608622,0.34037524461746216,64.0,0.001,0.4,sgd,0,0,64.0
0.9486929297447204,0.0035517298438560445,0.17647065818309784,64.0,0.001,0.5,adam,0,0,64.0
0.9223373532295227,0.011884466612627827,0.34762131571769717,64.0,0.001,0.5,sgd,0,0,64.0
0.9470582365989685,0.006137924859288944,0.17886021435260774,64.0,0.001,0.6,adam,0,0,64.0
0.9225723743438721,0.0066461593414076465,0.3407966911792755,64.0,0.001,0.6,sgd,0,0,64.0
0.9433291673660278,0.003673864767065076,0.18472285866737365,64.0,0.0001,0.1,adam,0,0,64.0
0.9218733310699463,0.011069579422550031,0.3547148823738098,64.0,0.0001,0.1,sgd,0,0,64.0
0.9503246307373047,0.004035336468962182,0.17418620884418487,64.0,0.0001,0.2,adam,0,0,64.0
0.9256045699119568,0.01530348658238437,0.3421795129776001,64.0,0.0001,0.2,sgd,0,0,64.0
0.9458927392959595,0.00804856178984199,0.18350455462932586,64.0,0.0001,0.30000000000000004,adam,0,0,64.0
0.9225718379020691,0.013878173672853236,0.34310855269432067,64.0,0.0001,0.30000000000000004,sgd,0,0,64.0
0.949624526500702,0.004770510744648355,0.1779266983270645,64.0,0.0001,0.4,adam,0,0,64.0
0.9265364289283753,0.009773726426952536,0.3349411368370056,64.0,0.0001,0.4,sgd,0,0,64.0
0.9456601858139038,0.006036654326208438,0.1819010615348816,64.0,0.0001,0.5,adam,0,0,64.0
0.9251381039619446,0.01103078967956767,0.33922640681266786,64.0,0.0001,0.5,sgd,0,0,64.0
0.9498587012290954,0.0037063513142362673,0.17554465234279631,64.0,0.0001,0.6,adam,0,0,64.0
0.9239723443984985,0.009858494925640487,0.34249354600906373,64.0,0.0001,0.6,sgd,0,0,64.0
0.9454270958900451,0.0052041112826347715,0.18083638846874237,64.0,1e-05,0.1,adam,0,0,64.0
0.9211727023124695,0.016572071578603045,0.3547901690006256,64.0,1e-05,0.1,sgd,0,0,64.0
0.9496258735656739,0.003262815831364192,0.17755310833454133,64.0,1e-05,0.2,adam,0,0,64.0
0.9258360505104065,0.009544345536845179,0.3372088372707367,64.0,1e-05,0.2,sgd,0,0,64.0
0.9461277246475219,0.004978991669360419,0.18315413892269133,64.0,1e-05,0.30000000000000004,adam,0,0,64.0
0.9253717541694642,0.006486681130093552,0.34383466839790344,64.0,1e-05,0.30000000000000004,sgd,0,0,64.0
0.9496255993843079,0.0038761429396647123,0.17552672028541566,64.0,1e-05,0.4,adam,0,0,64.0
0.9298050045967102,0.011776553870464258,0.3438194513320923,64.0,1e-05,0.4,sgd,0,0,64.0
0.9449600577354431,0.005053180123298939,0.17805655300617218,64.0,1e-05,0.5,adam,0,0,64.0
0.925373113155365,0.008533051411211565,0.35056565403938295,64.0,1e-05,0.5,sgd,0,0,64.0
0.947292423248291,0.005413111219783669,0.18124808967113495,64.0,1e-05,0.6,adam,0,0,64.0
0.9279385805130005,0.009305503227079797,0.34247509241104124,64.0,1e-05,0.6,sgd,0,0,64.0
0.945659065246582,0.006688403556751177,0.18286712169647218,64.0,1e-06,0.1,adam,0,0,64.0
0.9228071093559265,0.008678518534741468,0.33863175511360166,64.0,1e-06,0.1,sgd,0,0,64.0
0.9475252509117127,0.005545943572740651,0.18029109239578248,64.0,1e-06,0.2,adam,0,0,64.0
0.9239731550216674,0.010203820775211798,0.346511310338974,64.0,1e-06,0.2,sgd,0,0,64.0
0.9477594256401062,0.004220424897723746,0.17764222919940947,64.0,1e-06,0.30000000000000004,adam,0,0,64.0
0.926069152355194,0.011506853502755507,0.3449737250804901,64.0,1e-06,0.30000000000000004,sgd,0,0,64.0
0.9475263237953186,0.004853810408515976,0.17574810683727266,64.0,1e-06,0.4,adam,0,0,64.0
0.9265369892120361,0.011248447243311959,0.33611467480659485,64.0,1e-06,0.4,sgd,0,0,64.0
0.9498581528663635,0.00438494855323535,0.17605467438697814,64.0,1e-06,0.5,adam,0,0,64.0
0.9291016221046448,0.009034357665742985,0.33762943744659424,64.0,1e-06,0.5,sgd,0,0,64.0
0.9451958656311035,0.006081187114388442,0.1851893663406372,64.0,1e-06,0.6,adam,0,0,64.0
0.9251378297805786,0.010161787989593172,0.34618932008743286,64.0,1e-06,0.6,sgd,0,0,64.0
0.9479933500289917,0.004935043048579826,0.1762208193540573,128.0,1.0,0.1,adam,0,0,64.0
0.9272373676300049,0.00737257464849367,0.34458757042884824,128.0,1.0,0.1,sgd,0,0,64.0
0.9500904440879822,0.005315175567087087,0.1764194041490555,128.0,1.0,0.2,adam,0,0,64.0
0.9253717541694642,0.00948117069527321,0.336888188123703,128.0,1.0,0.2,sgd,0,0,64.0
0.9486926436424256,0.0034002543818491987,0.17695772349834443,128.0,1.0,0.30000000000000004,adam,0,0,64.0
0.928869879245758,0.011309624607229854,0.3410161018371582,128.0,1.0,0.30000000000000004,sgd,0,0,64.0
0.9472943305969238,0.0037936957827977573,0.18062685132026673,128.0,1.0,0.4,adam,0,0,64.0
0.9246716380119324,0.009357870938368585,0.3415157198905945,128.0,1.0,0.4,sgd,0,0,64.0
0.9437937378883362,0.00978363206906614,0.18392102420330048,128.0,1.0,0.5,adam,0,0,64.0
0.9263019680976867,0.010621629358923902,0.33608696460723875,128.0,1.0,0.5,sgd,0,0,64.0
0.948926568031311,0.002609257367081783,0.17746313512325287,128.0,1.0,0.6,adam,0,0,64.0
0.9286367774009705,0.008714286001051643,0.3463957905769348,128.0,1.0,0.6,sgd,0,0,64.0
0.9479933500289917,0.0021883252859050367,0.17969743013381959,128.0,0.1,0.1,adam,0,0,64.0
0.9265377998352051,0.007849642739085632,0.342717045545578,128.0,0.1,0.1,sgd,0,0,64.0
0.9463613748550415,0.0016669311982695362,0.18042121231555938,128.0,0.1,0.2,adam,0,0,64.0
0.928401505947113,0.01087689778515241,0.3473764657974243,128.0,0.1,0.2,sgd,0,0,64.0
0.9489249467849732,0.005655970507875124,0.17514774799346924,128.0,0.1,0.30000000000000004,adam,0,0,64.0
0.9258376836776734,0.010164457808737936,0.34303721189498904,128.0,0.1,0.30000000000000004,sgd,0,0,64.0
0.9465944766998291,0.0057360860590923695,0.184322851896286,128.0,0.1,0.4,adam,0,0,64.0
0.9237375974655151,0.008893603525517314,0.3509981095790863,128.0,0.1,0.4,sgd,0,0,64.0
0.9486929297447204,0.0032321173290076628,0.18182221055030823,128.0,0.1,0.5,adam,0,0,64.0
0.9239701509475708,0.010721489503785273,0.3413467645645142,128.0,0.1,0.5,sgd,0,0,64.0
0.9491583108901978,0.00603542214197275,0.1785471946001053,128.0,0.1,0.6,adam,0,0,64.0
0.9260721325874328,0.008266833242557765,0.34109737873077395,128.0,0.1,0.6,sgd,0,0,64.0
0.9463597416877747,0.006275469576647171,0.1797064334154129,128.0,0.01,0.1,adam,0,0,64.0
0.9284034013748169,0.008564453580402259,0.3330579996109009,128.0,0.01,0.1,sgd,0,0,64.0
0.9440284848213196,0.005383757727869771,0.18306325674057006,128.0,0.01,0.2,adam,0,0,64.0
0.9237400650978088,0.011579704220913844,0.3432360291481018,128.0,0.01,0.2,sgd,0,0,64.0
0.944962227344513,0.0015626066215192517,0.1826757848262787,128.0,0.01,0.30000000000000004,adam,0,0,64.0
0.9258360385894775,0.009515781368564088,0.3387726187705994,128.0,0.01,0.30000000000000004,sgd,0,0,64.0
0.9475268840789794,0.005119210022964081,0.17775255739688872,128.0,0.01,0.4,adam,0,0,64.0
0.9270061612129211,0.008057741683274498,0.33466996550559996,128.0,0.01,0.4,sgd,0,0,64.0
0.9463613867759705,0.004610490106514424,0.18122460544109345,128.0,0.01,0.5,adam,0,0,64.0
0.9242057085037232,0.010092057643590634,0.343066930770874,128.0,0.01,0.5,sgd,0,0,64.0
0.9451945185661316,0.004503092935365384,0.18384924232959748,128.0,0.01,0.6,adam,0,0,64.0
0.9251370191574096,0.011379260450256836,0.3425753951072693,128.0,0.01,0.6,sgd,0,0,64.0
0.9451931476593017,0.005833018131406891,0.1789323002099991,128.0,0.001,0.1,adam,0,0,64.0
0.9274680137634277,0.011528845260616559,0.34605462551116944,128.0,0.001,0.1,sgd,0,0,64.0
0.9484603762626648,0.006233980907932536,0.1809820204973221,128.0,0.001,0.2,adam,0,0,64.0
0.9274690985679627,0.009534597832181642,0.3447553992271423,128.0,0.001,0.2,sgd,0,0,64.0
0.9486915588378906,0.005187009832070678,0.17634189426898955,128.0,0.001,0.30000000000000004,adam,0,0,64.0
0.9256059408187867,0.009251976482195227,0.34574111700057986,128.0,0.001,0.30000000000000004,sgd,0,0,64.0
0.944961154460907,0.005504638672497768,0.18022046387195587,128.0,0.001,0.4,adam,0,0,64.0
0.9279363870620727,0.008783091233531031,0.3432352304458618,128.0,0.001,0.4,sgd,0,0,64.0
0.946126651763916,0.0057498484301739365,0.17864006757736206,128.0,0.001,0.5,adam,0,0,64.0
0.924904179573059,0.006441062628968099,0.343431556224823,128.0,0.001,0.5,sgd,0,0,64.0
0.9461252927780152,0.006348482996424924,0.18075709640979767,128.0,0.001,0.6,adam,0,0,64.0
0.9270053625106811,0.008427793293608914,0.34880530834198,128.0,0.001,0.6,sgd,0,0,64.0
0.9470603942871094,0.004412635521783304,0.17749113440513611,128.0,0.0001,0.1,adam,0,0,64.0
0.9251405477523804,0.010939060602217577,0.34979389905929564,128.0,0.0001,0.1,sgd,0,0,64.0
0.9454270720481872,0.007872059114226476,0.1819261133670807,128.0,0.0001,0.2,adam,0,0,64.0
0.9211718678474426,0.011720658212548517,0.34492501616477966,128.0,0.0001,0.2,sgd,0,0,64.0
0.9503251671791076,0.004536469482256025,0.17616004943847657,128.0,0.0001,0.30000000000000004,adam,0,0,64.0
0.9258404016494751,0.005073548066688835,0.34148678183555603,128.0,0.0001,0.30000000000000004,sgd,0,0,64.0
0.9505574584007264,0.004606964233893064,0.17581649124622345,128.0,0.0001,0.4,adam,0,0,64.0
0.9279374837875366,0.008957245487647649,0.3506883680820465,128.0,0.0001,0.4,sgd,0,0,64.0
0.9465939283370972,0.0021677564350342984,0.17869798839092255,128.0,0.0001,0.5,adam,0,0,64.0
0.9244379878044129,0.008818384016452352,0.34061663746833803,128.0,0.0001,0.5,sgd,0,0,64.0
0.9479928016662598,0.003964347394445597,0.17680105865001677,128.0,0.0001,0.6,adam,0,0,64.0
0.9225691080093383,0.01225523454753509,0.35046466588974,128.0,0.0001,0.6,sgd,0,0,64.0
0.9500907063484192,0.0051036378436445685,0.1768168568611145,128.0,1e-05,0.1,adam,0,0,64.0
0.9272354722023011,0.009428142652637687,0.35911611914634706,128.0,1e-05,0.1,sgd,0,0,64.0
0.9493927717208862,0.0028337724074513977,0.18066073656082154,128.0,1e-05,0.2,adam,0,0,64.0
0.9249031066894531,0.008297424011115766,0.3470456302165985,128.0,1e-05,0.2,sgd,0,0,64.0
0.9484590053558349,0.0039546188016174625,0.1778204023838043,128.0,1e-05,0.30000000000000004,adam,0,0,64.0
0.9251391887664795,0.011623479745824524,0.3397614657878876,128.0,1e-05,0.30000000000000004,sgd,0,0,64.0
0.9486910223960876,0.00588030781095164,0.17539758682250978,128.0,1e-05,0.4,adam,0,0,64.0
0.9246705412864685,0.012695622979426358,0.34398636817932127,128.0,1e-05,0.4,sgd,0,0,64.0
0.9470584988594055,0.007814364560869692,0.17759305238723755,128.0,1e-05,0.5,adam,0,0,64.0
0.9263041377067566,0.006832518410516801,0.3429647982120514,128.0,1e-05,0.5,sgd,0,0,64.0
0.9449619650840759,0.005029465693399672,0.1814122438430786,128.0,1e-05,0.6,adam,0,0,64.0
0.9258349537849426,0.014275104698190906,0.3461319327354431,128.0,1e-05,0.6,sgd,0,0,64.0
0.9479919910430908,0.005059644493758751,0.179630246758461,128.0,1e-06,0.1,adam,0,0,64.0
0.9256062150001526,0.010118867079089345,0.3356406033039093,128.0,1e-06,0.1,sgd,0,0,64.0
0.9489246726036071,0.004829983903890729,0.17753951549530028,128.0,1e-06,0.2,adam,0,0,64.0
0.9246716260910034,0.007486320046787881,0.3380579948425293,128.0,1e-06,0.2,sgd,0,0,64.0
0.9479928135871887,0.006877621250976896,0.18115879893302916,128.0,1e-06,0.30000000000000004,adam,0,0,64.0
0.924436628818512,0.010121157779934256,0.33783408999443054,128.0,1e-06,0.30000000000000004,sgd,0,0,64.0
0.9477591633796691,0.006248186965503143,0.1765456885099411,128.0,1e-06,0.4,adam,0,0,64.0
0.923041021823883,0.009667506962104742,0.35525149703025816,128.0,1e-06,0.4,sgd,0,0,64.0
0.9484595537185669,0.004212981688540324,0.17463454008102416,128.0,1e-06,0.5,adam,0,0,64.0
0.9267698049545288,0.009617029390032849,0.3447007119655609,128.0,1e-06,0.5,sgd,0,0,64.0
0.9475271582603455,0.00604108467284689,0.182290518283844,128.0,1e-06,0.6,adam,0,0,64.0
0.9281700372695922,0.010399517328039412,0.3399846851825714,128.0,1e-06,0.6,sgd,0,0,64.0
0.9470604062080383,0.005846356587026376,0.1791755586862564,256.0,1.0,0.1,adam,0,0,64.0
0.9270031929016114,0.00828754934914989,0.33818691968917847,256.0,1.0,0.1,sgd,0,0,64.0
0.9470590353012085,0.005903830799767562,0.17891505360603333,256.0,1.0,0.2,adam,0,0,64.0
0.9249041914939881,0.011737093330969946,0.34942432641983034,256.0,1.0,0.2,sgd,0,0,64.0
0.9470601201057434,0.004538824185993147,0.17892188727855682,256.0,1.0,0.30000000000000004,adam,0,0,64.0
0.9267706155776978,0.009084816372065487,0.3463438868522644,256.0,1.0,0.30000000000000004,sgd,0,0,64.0
0.9491580367088318,0.005269505945360051,0.17802085280418395,256.0,1.0,0.4,adam,0,0,64.0
0.9263049602508545,0.007928119758091214,0.3413358390331268,256.0,1.0,0.4,sgd,0,0,64.0
0.9465925812721252,0.005514238737820357,0.17999074161052703,256.0,1.0,0.5,adam,0,0,64.0
0.9291040778160096,0.007819063868325586,0.338068300485611,256.0,1.0,0.5,sgd,0,0,64.0
0.9477597117424011,0.003880000527984081,0.17563100457191466,256.0,1.0,0.6,adam,0,0,64.0
0.9235069394111634,0.006374015855912146,0.35899940729141233,256.0,1.0,0.6,sgd,0,0,64.0
0.946126651763916,0.0038899015803100954,0.18487387299537658,256.0,0.1,0.1,adam,0,0,64.0
0.92653888463974,0.007187746668589711,0.3383625209331512,256.0,0.1,0.1,sgd,0,0,64.0
0.9444944024085998,0.005367787682286917,0.18212293088436127,256.0,0.1,0.2,adam,0,0,64.0
0.9284036874771118,0.011346237345334399,0.33789130449295046,256.0,0.1,0.2,sgd,0,0,64.0
0.9486942887306213,0.00294532684775497,0.18302735090255737,256.0,0.1,0.30000000000000004,adam,0,0,64.0
0.9253706574440003,0.007722331565842773,0.33735828995704653,256.0,0.1,0.30000000000000004,sgd,0,0,64.0
0.9444922208786011,0.010548536431032362,0.191039377450943,256.0,0.1,0.4,adam,0,0,64.0
0.9225726366043091,0.011958775301857738,0.3368981063365936,256.0,0.1,0.4,sgd,0,0,64.0
0.9475282549858093,0.0026531378101112796,0.1767127513885498,256.0,0.1,0.5,adam,0,0,64.0
0.9270026445388794,0.012563007979406833,0.33510820269584657,256.0,0.1,0.5,sgd,0,0,64.0
0.9463624715805053,0.003450042791883271,0.17979905307292937,256.0,0.1,0.6,adam,0,0,64.0
0.9195401668548584,0.013669468362282928,0.35151039958000185,256.0,0.1,0.6,sgd,0,0,64.0
0.9491588473320007,0.004942812414581214,0.17745404541492463,256.0,0.01,0.1,adam,0,0,64.0
0.9244382619857788,0.010633409728661702,0.34099155068397524,256.0,0.01,0.1,sgd,0,0,64.0
0.9482259035110474,0.0042947520084230485,0.1836714506149292,256.0,0.01,0.2,adam,0,0,64.0
0.927704656124115,0.006041372411797284,0.35428095459938047,256.0,0.01,0.2,sgd,0,0,64.0
0.9463600158691406,0.005076061150508692,0.180936199426651,256.0,0.01,0.30000000000000004,adam,0,0,64.0
0.927236545085907,0.009007166919839398,0.354293692111969,256.0,0.01,0.30000000000000004,sgd,0,0,64.0
0.9493914246559143,0.0052673197114594976,0.17640219032764434,256.0,0.01,0.4,adam,0,0,64.0
0.9293355464935302,0.01204907838798765,0.3409687399864197,256.0,0.01,0.4,sgd,0,0,64.0
0.9493911266326904,0.0051132028987179575,0.17527447044849395,256.0,0.01,0.5,adam,0,0,64.0
0.9258363127708436,0.006491984352420995,0.33858044147491456,256.0,0.01,0.5,sgd,0,0,64.0
0.946127188205719,0.0056490872625887525,0.1787386268377304,256.0,0.01,0.6,adam,0,0,64.0
0.9239739775657654,0.010717400409905108,0.34523589015007017,256.0,0.01,0.6,sgd,0,0,64.0
0.9498576045036315,0.005081113949281588,0.17695015370845796,256.0,0.001,0.1,adam,0,0,64.0
0.9279369354248047,0.010129997137455835,0.33930331468582153,256.0,0.001,0.1,sgd,0,0,64.0
0.9463600277900696,0.004510051361882982,0.18224949836730958,256.0,0.001,0.2,adam,0,0,64.0
0.9237403273582458,0.009285993928541065,0.3353532671928406,256.0,0.001,0.2,sgd,0,0,64.0
0.9484592795372009,0.0035126941782891237,0.17894376516342164,256.0,0.001,0.30000000000000004,adam,0,0,64.0
0.927235460281372,0.013180180194439487,0.3369666635990143,256.0,0.001,0.30000000000000004,sgd,0,0,64.0
0.9486934661865234,0.0020987837613752483,0.18306597471237182,256.0,0.001,0.4,adam,0,0,64.0
0.9272371053695678,0.008661735542748801,0.33963860273361207,256.0,0.001,0.4,sgd,0,0,64.0
0.9468256831169128,0.007040502122103952,0.17785911560058593,256.0,0.001,0.5,adam,0,0,64.0
0.9223387241363525,0.008222425813573067,0.3479049146175385,256.0,0.001,0.5,sgd,0,0,64.0
0.946126914024353,0.0061579323315368376,0.1818643718957901,256.0,0.001,0.6,adam,0,0,64.0
0.9260721325874328,0.007176449362981308,0.35011974573135374,256.0,0.001,0.6,sgd,0,0,64.0
0.9444952249526978,0.0035214367633136963,0.18333986401557922,256.0,0.0001,0.1,adam,0,0,64.0
0.9218744277954102,0.011912403382945701,0.33678569793701174,256.0,0.0001,0.1,sgd,0,0,64.0
0.9477586150169373,0.0053129634631382955,0.1797156810760498,256.0,0.0001,0.2,adam,0,0,64.0
0.920240831375122,0.013929991170832753,0.35230504274368285,256.0,0.0001,0.2,sgd,0,0,64.0
0.9500912547111511,0.004024519601715392,0.17601969540119172,256.0,0.0001,0.30000000000000004,adam,0,0,64.0
0.9214060664176941,0.006969132100219265,0.34995806217193604,256.0,0.0001,0.30000000000000004,sgd,0,0,64.0
0.9458951830863953,0.0052470778698224365,0.17943355739116668,256.0,0.0001,0.4,adam,0,0,64.0
0.9263046860694886,0.012525981207017417,0.3473904192447662,256.0,0.0001,0.4,sgd,0,0,64.0
0.9454276084899902,0.005600188134381455,0.17869625389575958,256.0,0.0001,0.5,adam,0,0,64.0
0.9274715542793274,0.009286344487120499,0.35119319558143614,256.0,0.0001,0.5,sgd,0,0,64.0
0.9472937822341919,0.00693874561887222,0.17933112680912017,256.0,0.0001,0.6,adam,0,0,64.0
0.924905264377594,0.011348163998968139,0.3461713492870331,256.0,0.0001,0.6,sgd,0,0,64.0
0.9489254832267762,0.003952758761047583,0.17894663214683532,256.0,1e-05,0.1,adam,0,0,64.0
0.9281697869300842,0.006840575383176892,0.33906789422035216,256.0,1e-05,0.1,sgd,0,0,64.0
0.9475249767303466,0.00569313164985857,0.17845375537872316,256.0,1e-05,0.2,adam,0,0,64.0
0.926071047782898,0.008342892181617347,0.3458783984184265,256.0,1e-05,0.2,sgd,0,0,64.0
0.9498581409454345,0.003857567604115386,0.1769104391336441,256.0,1e-05,0.30000000000000004,adam,0,0,64.0
0.9230393886566162,0.008921873059892654,0.33457382917404177,256.0,1e-05,0.30000000000000004,sgd,0,0,64.0
0.9456615328788758,0.005793282065428551,0.18390825092792512,256.0,1e-05,0.4,adam,0,0,64.0
0.9246724605560303,0.009351526785469523,0.347476601600647,256.0,1e-05,0.4,sgd,0,0,64.0
0.9451934337615967,0.005878118951304432,0.18231902420520782,256.0,1e-05,0.5,adam,0,0,64.0
0.9258384943008423,0.01556558023222146,0.3409677743911743,256.0,1e-05,0.5,sgd,0,0,64.0
0.9468259453773499,0.005810531311277822,0.1763404279947281,256.0,1e-05,0.6,adam,0,0,64.0
0.925373113155365,0.00944001039447377,0.33955067992210386,256.0,1e-05,0.6,sgd,0,0,64.0
0.9468283891677857,0.0021612316737716283,0.18010831475257874,256.0,1e-06,0.1,adam,0,0,64.0
0.9237411379814148,0.011525464830887728,0.3482903718948364,256.0,1e-06,0.1,sgd,0,0,64.0
0.9454273581504822,0.004531074119325353,0.1838650345802307,256.0,1e-06,0.2,adam,0,0,64.0
0.9202405452728272,0.0098969438261803,0.3576639711856842,256.0,1e-06,0.2,sgd,0,0,64.0
0.9477589011192322,0.006422037191958702,0.17800591886043549,256.0,1e-06,0.30000000000000004,adam,0,0,64.0
0.9267717123031616,0.011738442998310956,0.34786705374717714,256.0,1e-06,0.30000000000000004,sgd,0,0,64.0
0.9472935199737549,0.0030978727618559843,0.18330647945404052,256.0,1e-06,0.4,adam,0,0,64.0
0.9246748924255371,0.00909643641586506,0.34066649079322814,256.0,1e-06,0.4,sgd,0,0,64.0
0.9477586150169373,0.006426769414940161,0.18206452429294587,256.0,1e-06,0.5,adam,0,0,64.0
0.9232697725296021,0.01291217229779182,0.3437352478504181,256.0,1e-06,0.5,sgd,0,0,64.0
0.9477594375610352,0.0037412863271389105,0.17769036293029786,256.0,1e-06,0.6,adam,0,0,64.0
0.9295700073242188,0.007725969836920536,0.33841533660888673,256.0,1e-06,0.6,sgd,0,0,64.0
